{"cameraMode":{"drawMode":0,"name":"Shaded","section":"Shading Mode"},"sceneLighting":false,"audioPlay":false,"sceneViewState":{"showFog":true,"showMaterialUpdate":false,"showSkybox":false,"showFlares":true,"showImageEffects":true,"showParticleSystems":true,"showVisualEffectGraphs":true},"in2DMode":false,"pivot":{"x":-0.6712497472763062,"y":4.267022609710693,"z":0.7672330141067505},"rotation":{"x":-0.03140493109822273,"y":0.9634019136428833,"z":-0.13026808202266694,"w":-0.23240114748477937},"size":7.710916519165039,"orthographic":false}