{"cameraMode":{"drawMode":0,"name":"Shaded","section":"Shading Mode"},"sceneLighting":false,"audioPlay":false,"sceneViewState":{"showFog":true,"showMaterialUpdate":false,"showSkybox":false,"showFlares":true,"showImageEffects":true,"showParticleSystems":true,"showVisualEffectGraphs":true},"in2DMode":false,"pivot":{"x":-0.062084197998046878,"y":1.8304921388626099,"z":0.06797491014003754},"rotation":{"x":-0.03230646997690201,"y":0.9224851727485657,"z":-0.08100970834493637,"w":-0.376425564289093},"size":3.7127315998077394,"orthographic":false}