{"cameraMode":{"drawMode":0,"name":"Shaded","section":"Shading Mode"},"sceneLighting":true,"audioPlay":false,"sceneViewState":{"showFog":true,"showMaterialUpdate":false,"showSkybox":true,"showFlares":true,"showImageEffects":true,"showParticleSystems":true},"in2DMode":false,"pivot":{"x":1.0840330123901368,"y":-26.963407516479493,"z":-1.4179667234420777},"rotation":{"x":-0.49835729598999026,"y":-0.5016361474990845,"z":0.4980631470680237,"w":-0.5019596815109253},"size":69.42693328857422,"orthographic":false}