{"cameraMode":{"drawMode":0,"name":"Shaded","section":"Shading Mode"},"sceneLighting":true,"audioPlay":false,"sceneViewState":{"showFog":true,"showMaterialUpdate":false,"showSkybox":true,"showFlares":true,"showImageEffects":true,"showParticleSystems":true},"in2DMode":false,"pivot":{"x":13.497064590454102,"y":-3.1412603855133058,"z":2.472583055496216},"rotation":{"x":-0.13002562522888184,"y":-0.3563295006752014,"z":0.050139084458351138,"w":-0.9239267110824585},"size":26.9117431640625,"orthographic":false}