{"cameraMode":{"drawMode":0,"name":"Shaded","section":"Shading Mode"},"sceneLighting":true,"audioPlay":false,"sceneViewState":{"showFog":true,"showMaterialUpdate":false,"showSkybox":true,"showFlares":true,"showImageEffects":true,"showParticleSystems":true},"in2DMode":false,"pivot":{"x":7.523873329162598,"y":31.129823684692384,"z":-23.11233139038086},"rotation":{"x":-0.5012519955635071,"y":0.026732610538601877,"z":-0.015504103153944016,"w":-0.8647722601890564},"size":17.017383575439454,"orthographic":false}