{"cameraMode":{"drawMode":0,"name":"Shaded","section":"Shading Mode"},"sceneLighting":true,"audioPlay":false,"sceneViewState":{"showFog":true,"showMaterialUpdate":false,"showSkybox":true,"showFlares":true,"showImageEffects":true,"showParticleSystems":true},"in2DMode":false,"pivot":{"x":6.985502243041992,"y":-40.82396697998047,"z":-2.5554399490356447},"rotation":{"x":-0.4485323131084442,"y":-0.5267319083213806,"z":0.38795018196105959,"w":-0.6090078949928284},"size":88.09088134765625,"orthographic":false}