{"cameraMode":{"drawMode":0,"name":"Shaded","section":"Shading Mode"},"sceneLighting":false,"audioPlay":false,"sceneViewState":{"showFog":true,"showMaterialUpdate":false,"showSkybox":false,"showFlares":true,"showImageEffects":true,"showParticleSystems":true,"showVisualEffectGraphs":true},"in2DMode":false,"pivot":{"x":213.7449951171875,"y":121.21028900146485,"z":-249.3300018310547},"rotation":{"x":0.06479590386152268,"y":-0.8907497525215149,"z":0.42908838391304018,"w":0.13610976934432984},"size":1.4639267921447755,"orthographic":false}