{"cameraMode":{"drawMode":0,"name":"Shaded","section":"Shading Mode"},"sceneLighting":false,"audioPlay":false,"sceneViewState":{"showFog":true,"showMaterialUpdate":false,"showSkybox":false,"showFlares":true,"showImageEffects":true,"showParticleSystems":true},"in2DMode":false,"pivot":{"x":-0.05820649862289429,"y":4.308488368988037,"z":-0.5758925676345825},"rotation":{"x":-0.6034308671951294,"y":-0.2388073056936264,"z":0.1960243433713913,"w":-0.7351542711257935},"size":29.925813674926759,"orthographic":false}