{"cameraMode":{"drawMode":0,"name":"Shaded","section":"Shading Mode"},"sceneLighting":false,"audioPlay":false,"sceneViewState":{"showFog":true,"showMaterialUpdate":false,"showSkybox":false,"showFlares":true,"showImageEffects":true,"showParticleSystems":true,"showVisualEffectGraphs":true},"in2DMode":false,"pivot":{"x":-0.049793243408203128,"y":4.8524980545043949,"z":-0.7072710990905762},"rotation":{"x":-0.02614317089319229,"y":0.9526014924049377,"z":-0.29092007875442507,"w":-0.08569012582302094},"size":20.881555557250978,"orthographic":false}