{"cameraMode":{"drawMode":0,"name":"Shaded","section":"Shading Mode"},"sceneLighting":false,"audioPlay":false,"sceneViewState":{"showFog":true,"showMaterialUpdate":false,"showSkybox":false,"showFlares":true,"showImageEffects":true,"showParticleSystems":true,"showVisualEffectGraphs":true},"in2DMode":false,"pivot":{"x":0.6448140144348145,"y":4.31449556350708,"z":-0.09325432777404785},"rotation":{"x":-0.03140493109822273,"y":0.9634019136428833,"z":-0.13026808202266694,"w":-0.23240114748477937},"size":8.744421005249024,"orthographic":false}