{"cameraMode":{"drawMode":0,"name":"Shaded","section":"Shading Mode"},"sceneLighting":false,"audioPlay":false,"sceneViewState":{"showFog":true,"showMaterialUpdate":false,"showSkybox":false,"showFlares":true,"showImageEffects":true,"showParticleSystems":true,"showVisualEffectGraphs":true},"in2DMode":false,"pivot":{"x":0.7095116376876831,"y":4.6028032302856449,"z":0.3887453079223633},"rotation":{"x":-0.02614317089319229,"y":0.9526014924049377,"z":-0.29092007875442507,"w":-0.08569012582302094},"size":8.447336196899414,"orthographic":false}