{"cameraMode":{"drawMode":0,"name":"Shaded","section":"Shading Mode"},"sceneLighting":false,"audioPlay":false,"sceneViewState":{"showFog":true,"showMaterialUpdate":false,"showSkybox":false,"showFlares":true,"showImageEffects":true,"showParticleSystems":true,"showVisualEffectGraphs":true},"in2DMode":false,"pivot":{"x":-0.3982856273651123,"y":-3.7258849143981935,"z":0.0676274299621582},"rotation":{"x":-0.03350422531366348,"y":-0.8422492146492004,"z":0.05259546637535095,"w":-0.5355752110481262},"size":9.10086441040039,"orthographic":false}