{"cameraMode":{"drawMode":0,"name":"Shaded","section":"Shading Mode"},"sceneLighting":false,"audioPlay":false,"sceneViewState":{"showFog":true,"showMaterialUpdate":false,"showSkybox":false,"showFlares":true,"showImageEffects":true,"showParticleSystems":true,"showVisualEffectGraphs":true},"in2DMode":false,"pivot":{"x":0.04172253608703613,"y":1.9083614349365235,"z":-0.1080007553100586},"rotation":{"x":-0.02614317089319229,"y":0.9526014924049377,"z":-0.29092007875442507,"w":-0.08569012582302094},"size":4.952999114990234,"orthographic":false}