{"cameraMode":{"drawMode":0,"name":"Shaded","section":"Shading Mode"},"sceneLighting":false,"audioPlay":false,"sceneViewState":{"showFog":true,"showMaterialUpdate":false,"showSkybox":false,"showFlares":true,"showImageEffects":true,"showParticleSystems":true,"showVisualEffectGraphs":true},"in2DMode":false,"pivot":{"x":217.36050415039063,"y":121.99620056152344,"z":-253.9351348876953},"rotation":{"x":-0.03230646997690201,"y":0.9224851727485657,"z":-0.08100970834493637,"w":-0.376425564289093},"size":5.49729061126709,"orthographic":false}