{"cameraMode":{"drawMode":0,"name":"Shaded","section":"Shading Mode"},"sceneLighting":false,"audioPlay":false,"sceneViewState":{"showFog":true,"showMaterialUpdate":false,"showSkybox":false,"showFlares":true,"showImageEffects":true,"showParticleSystems":true,"showVisualEffectGraphs":true},"in2DMode":false,"pivot":{"x":225.3530731201172,"y":121.95206451416016,"z":-263.1000061035156},"rotation":{"x":-0.03230646997690201,"y":0.9224851727485657,"z":-0.08100970834493637,"w":-0.376425564289093},"size":4.055220603942871,"orthographic":false}