{"cameraMode":{"drawMode":0,"name":"Shaded","section":"Shading Mode"},"sceneLighting":true,"audioPlay":false,"sceneViewState":{"showFog":true,"showMaterialUpdate":false,"showSkybox":true,"showFlares":true,"showImageEffects":true,"showParticleSystems":true},"in2DMode":false,"pivot":{"x":14.122365951538086,"y":3.3501815795898439,"z":0.5328541398048401},"rotation":{"x":-0.17823056876659394,"y":0.6574699282646179,"z":-0.1642492115497589,"w":-0.7134346961975098},"size":5.721278190612793,"orthographic":false}