{"cameraMode":{"drawMode":0,"name":"Shaded","section":"Shading Mode"},"sceneLighting":false,"audioPlay":false,"sceneViewState":{"showFog":true,"showMaterialUpdate":false,"showSkybox":false,"showFlares":true,"showImageEffects":true,"showParticleSystems":true,"showVisualEffectGraphs":true},"in2DMode":false,"pivot":{"x":-627.9500122070313,"y":-302.7616271972656,"z":91.09378051757813},"rotation":{"x":-0.38198816776275637,"y":0.30560195446014407,"z":-0.135590061545372,"w":-0.8616772294044495},"size":11.846649169921875,"orthographic":false}