{"cameraMode":{"drawMode":0,"name":"Shaded","section":"Shading Mode"},"sceneLighting":false,"audioPlay":false,"sceneViewState":{"showFog":true,"showMaterialUpdate":false,"showSkybox":false,"showFlares":true,"showImageEffects":true,"showParticleSystems":true,"showVisualEffectGraphs":true},"in2DMode":false,"pivot":{"x":221.88429260253907,"y":120.8865737915039,"z":-248.54318237304688},"rotation":{"x":-0.03230646997690201,"y":0.9224851727485657,"z":-0.08100970834493637,"w":-0.376425564289093},"size":1.141230583190918,"orthographic":false}