{"cameraMode":{"drawMode":0,"name":"Shaded","section":"Shading Mode"},"sceneLighting":false,"audioPlay":false,"sceneViewState":{"showFog":true,"showMaterialUpdate":false,"showSkybox":false,"showFlares":true,"showImageEffects":true,"showParticleSystems":true,"showVisualEffectGraphs":true},"in2DMode":false,"pivot":{"x":23.500011444091798,"y":7.374079704284668,"z":-16.234994888305665},"rotation":{"x":-0.38198816776275637,"y":0.30560195446014407,"z":-0.135590061545372,"w":-0.8616772294044495},"size":17.19788932800293,"orthographic":false}