{"cameraMode":{"drawMode":0,"name":"Shaded","section":"Shading Mode"},"sceneLighting":false,"audioPlay":false,"sceneViewState":{"showFog":true,"showMaterialUpdate":false,"showSkybox":false,"showFlares":true,"showImageEffects":true,"showParticleSystems":true,"showVisualEffectGraphs":true},"in2DMode":false,"pivot":{"x":-0.004788398742675781,"y":18.702322006225587,"z":2.2452268600463869},"rotation":{"x":-0.31483638286590578,"y":-0.44169512391090395,"z":0.16899803280830384,"w":-0.8229557275772095},"size":38.65290832519531,"orthographic":false}