{"cameraMode":{"drawMode":0,"name":"Shaded","section":"Shading Mode"},"sceneLighting":false,"audioPlay":false,"sceneViewState":{"showFog":true,"showMaterialUpdate":false,"showSkybox":false,"showFlares":true,"showImageEffects":true,"showParticleSystems":true,"showVisualEffectGraphs":true},"in2DMode":false,"pivot":{"x":-0.03298032283782959,"y":0.8536578416824341,"z":0.004905521869659424},"rotation":{"x":-0.0892462506890297,"y":0.8420379757881165,"z":-0.14697760343551637,"w":-0.5112864375114441},"size":0.7866474986076355,"orthographic":false}