{"cameraMode":{"drawMode":0,"name":"Shaded","section":"Shading Mode"},"sceneLighting":false,"audioPlay":false,"sceneViewState":{"showFog":true,"showMaterialUpdate":false,"showSkybox":false,"showFlares":true,"showImageEffects":true,"showParticleSystems":true,"showVisualEffectGraphs":true},"in2DMode":false,"pivot":{"x":-36.86058807373047,"y":-5.106388092041016,"z":-24.093835830688478},"rotation":{"x":0.14897431433200837,"y":-0.5898311138153076,"z":0.11258847266435623,"w":0.785815954208374},"size":2.551511526107788,"orthographic":false}