{"cameraMode":{"drawMode":0,"name":"Shaded","section":"Shading Mode"},"sceneLighting":false,"audioPlay":false,"sceneViewState":{"showFog":true,"showMaterialUpdate":false,"showSkybox":false,"showFlares":true,"showImageEffects":true,"showParticleSystems":true},"in2DMode":false,"pivot":{"x":-48.203704833984378,"y":287.1541442871094,"z":210.43426513671876},"rotation":{"x":-0.0464605875313282,"y":0.11899574100971222,"z":-0.005579677876085043,"w":-0.9918121695518494},"size":1256.1412353515625,"orthographic":false}