{"cameraMode":{"drawMode":0,"name":"Shaded","section":"Shading Mode"},"sceneLighting":false,"audioPlay":false,"sceneViewState":{"showFog":true,"showMaterialUpdate":false,"showSkybox":false,"showFlares":true,"showImageEffects":true,"showParticleSystems":true,"showVisualEffectGraphs":true},"in2DMode":false,"pivot":{"x":-1.0490047931671143,"y":1.9211008548736573,"z":2.575672149658203},"rotation":{"x":-0.0024629102554172279,"y":0.9961452484130859,"z":-0.08326905965805054,"w":-0.02959788404405117},"size":3.761444330215454,"orthographic":false}