{"cameraMode":{"drawMode":0,"name":"Shaded","section":"Shading Mode"},"sceneLighting":false,"audioPlay":false,"sceneViewState":{"showFog":true,"showMaterialUpdate":false,"showSkybox":false,"showFlares":true,"showImageEffects":true,"showParticleSystems":true,"showVisualEffectGraphs":true},"in2DMode":false,"pivot":{"x":11.154407501220704,"y":1.5399999618530274,"z":1.1435834169387818},"rotation":{"x":-0.05640079453587532,"y":0.733637809753418,"z":-0.06130480766296387,"w":-0.6744510531425476},"size":1.1645197868347169,"orthographic":false}