{"cameraMode":{"drawMode":0,"name":"Shaded","section":"Shading Mode"},"sceneLighting":false,"audioPlay":false,"sceneViewState":{"showFog":true,"showMaterialUpdate":false,"showSkybox":false,"showFlares":true,"showImageEffects":true,"showParticleSystems":true,"showVisualEffectGraphs":true},"in2DMode":false,"pivot":{"x":0.9775576591491699,"y":2.270033359527588,"z":0.41612911224365237},"rotation":{"x":-0.02614317089319229,"y":0.9526014924049377,"z":-0.29092007875442507,"w":-0.08569012582302094},"size":5.979736328125,"orthographic":false}