{"cameraMode":{"drawMode":0,"name":"Shaded","section":"Shading Mode"},"sceneLighting":false,"audioPlay":false,"sceneViewState":{"showFog":true,"showMaterialUpdate":false,"showSkybox":false,"showFlares":true,"showImageEffects":true,"showParticleSystems":true,"showVisualEffectGraphs":true},"in2DMode":false,"pivot":{"x":218.07000732421876,"y":121.54344177246094,"z":-249.18707275390626},"rotation":{"x":-0.03230646997690201,"y":0.9224851727485657,"z":-0.08100970834493637,"w":-0.376425564289093},"size":1.4925681352615357,"orthographic":false}