{"cameraMode":{"drawMode":0,"name":"Shaded","section":"Shading Mode"},"sceneLighting":false,"audioPlay":false,"sceneViewState":{"showFog":true,"showMaterialUpdate":false,"showSkybox":false,"showFlares":true,"showImageEffects":true,"showParticleSystems":true,"showVisualEffectGraphs":true},"in2DMode":false,"pivot":{"x":0.5397286415100098,"y":4.5100016593933109,"z":-0.17982912063598634},"rotation":{"x":-0.03140493109822273,"y":0.9634019136428833,"z":-0.13026808202266694,"w":-0.23240114748477937},"size":10.911698341369629,"orthographic":false}