{"cameraMode":{"drawMode":0,"name":"Shaded","section":"Shading Mode"},"sceneLighting":false,"audioPlay":false,"sceneViewState":{"showFog":true,"showMaterialUpdate":false,"showSkybox":false,"showFlares":true,"showImageEffects":true,"showParticleSystems":true,"showVisualEffectGraphs":true},"in2DMode":false,"pivot":{"x":3.6829159259796144,"y":0.5318212509155273,"z":-5.0299153327941898},"rotation":{"x":0.12518547475337983,"y":0.8734708428382874,"z":-0.29464805126190188,"w":0.3673340976238251},"size":0.8893839120864868,"orthographic":false}