{"cameraMode":{"drawMode":0,"name":"Shaded","section":"Shading Mode"},"sceneLighting":true,"audioPlay":false,"sceneViewState":{"showFog":true,"showMaterialUpdate":false,"showSkybox":true,"showFlares":true,"showImageEffects":true,"showParticleSystems":true,"showVisualEffectGraphs":true},"in2DMode":false,"pivot":{"x":49.29998779296875,"y":340.1357116699219,"z":0.6999969482421875},"rotation":{"x":-0.037864189594984058,"y":0.8093678951263428,"z":-0.05254571512341499,"w":-0.5837824940681458},"size":145.4922637939453,"orthographic":false}