{"cameraMode":{"drawMode":0,"name":"Shaded","section":"Shading Mode"},"sceneLighting":true,"audioPlay":false,"sceneViewState":{"showFog":true,"showMaterialUpdate":false,"showSkybox":true,"showFlares":true,"showImageEffects":true,"showParticleSystems":true,"showVisualEffectGraphs":true},"in2DMode":false,"pivot":{"x":3.4798951148986818,"y":3.1242904663085939,"z":-0.0902547836303711},"rotation":{"x":-0.050820354372262958,"y":0.9432885646820068,"z":-0.27975404262542727,"w":-0.1713564395904541},"size":1.4717957973480225,"orthographic":false}