{"cameraMode":{"drawMode":0,"name":"Shaded","section":"Shading Mode"},"sceneLighting":true,"audioPlay":false,"sceneViewState":{"showFog":true,"showMaterialUpdate":false,"showSkybox":true,"showFlares":true,"showImageEffects":true,"showParticleSystems":true,"showVisualEffectGraphs":true},"in2DMode":false,"pivot":{"x":-90.45789337158203,"y":-7.489357948303223,"z":25.74565887451172},"rotation":{"x":-0.037864189594984058,"y":0.8093678951263428,"z":-0.05254571512341499,"w":-0.5837824940681458},"size":44.673465728759769,"orthographic":false}