{"cameraMode":{"drawMode":0,"name":"Shaded","section":"Shading Mode"},"sceneLighting":true,"audioPlay":false,"sceneViewState":{"showFog":true,"showMaterialUpdate":false,"showSkybox":true,"showFlares":true,"showImageEffects":true,"showParticleSystems":true,"showVisualEffectGraphs":true},"in2DMode":false,"pivot":{"x":7.611696243286133,"y":-0.7321033477783203,"z":-2.865654706954956},"rotation":{"x":0.0620398223400116,"y":-0.9364153146743774,"z":0.26422280073165896,"w":0.22311824560165406},"size":4.526127815246582,"orthographic":false}