{"cameraMode":{"drawMode":0,"name":"Shaded","section":"Shading Mode"},"sceneLighting":true,"audioPlay":false,"sceneViewState":{"showFog":true,"showMaterialUpdate":false,"showSkybox":true,"showFlares":true,"showImageEffects":true,"showParticleSystems":true,"showVisualEffectGraphs":true},"in2DMode":false,"pivot":{"x":11.179027557373047,"y":0.5070620775222778,"z":1.0919020175933838},"rotation":{"x":-0.050820354372262958,"y":0.9432885646820068,"z":-0.27975404262542727,"w":-0.1713564395904541},"size":0.8865087628364563,"orthographic":false}