{"cameraMode":{"drawMode":0,"name":"Shaded","section":"Shading Mode"},"sceneLighting":true,"audioPlay":false,"sceneViewState":{"showFog":true,"showMaterialUpdate":false,"showSkybox":true,"showFlares":true,"showImageEffects":true,"showParticleSystems":true,"showVisualEffectGraphs":true},"in2DMode":false,"pivot":{"x":2.9601831436157228,"y":2.0467143058776857,"z":1.0902214050292969},"rotation":{"x":-0.026989564299583436,"y":0.7105986475944519,"z":-0.027299080044031144,"w":-0.7025519013404846},"size":1.0291986465454102,"orthographic":false}