{"cameraMode":{"drawMode":0,"name":"Shaded","section":"Shading Mode"},"sceneLighting":true,"audioPlay":false,"sceneViewState":{"showFog":true,"showMaterialUpdate":false,"showSkybox":true,"showFlares":true,"showImageEffects":true,"showParticleSystems":true,"showVisualEffectGraphs":true},"in2DMode":false,"pivot":{"x":40.88579177856445,"y":25.292943954467775,"z":-11.894515037536621},"rotation":{"x":-0.2528969943523407,"y":0.6743159890174866,"z":-0.26611533761024477,"w":-0.6407580971717835},"size":36.11703109741211,"orthographic":false}