{"cameraMode":{"drawMode":0,"name":"Shaded","section":"Shading Mode"},"sceneLighting":true,"audioPlay":false,"sceneViewState":{"showFog":true,"showMaterialUpdate":false,"showSkybox":true,"showFlares":true,"showImageEffects":true,"showParticleSystems":true,"showVisualEffectGraphs":true},"in2DMode":false,"pivot":{"x":23.01806640625,"y":13.435368537902832,"z":-27.081222534179689},"rotation":{"x":0.1356581151485443,"y":0.718055248260498,"z":0.14608712494373322,"w":-0.6669386029243469},"size":2.307220458984375,"orthographic":false}