{"cameraMode":{"drawMode":0,"name":"Shaded","section":"Shading Mode"},"sceneLighting":true,"audioPlay":false,"sceneViewState":{"showFog":true,"showMaterialUpdate":false,"showSkybox":true,"showFlares":true,"showImageEffects":true,"showParticleSystems":true,"showVisualEffectGraphs":true},"in2DMode":false,"pivot":{"x":17.281532287597658,"y":24.725820541381837,"z":4.100396156311035},"rotation":{"x":0.301633358001709,"y":-0.6665350794792175,"z":0.3412342965602875,"w":0.5903592705726624},"size":5.653523921966553,"orthographic":false}