{"cameraMode":{"drawMode":0,"name":"Shaded","section":"Shading Mode"},"sceneLighting":true,"audioPlay":false,"sceneViewState":{"showFog":true,"showMaterialUpdate":false,"showSkybox":true,"showFlares":true,"showImageEffects":true,"showParticleSystems":true,"showVisualEffectGraphs":true},"in2DMode":false,"pivot":{"x":-54.39765167236328,"y":-28.987327575683595,"z":26.376075744628908},"rotation":{"x":0.18253445625305177,"y":-0.38250312209129336,"z":0.0780215635895729,"w":0.9025276303291321},"size":80.46686553955078,"orthographic":false}