{"cameraMode":{"drawMode":0,"name":"Shaded","section":"Shading Mode"},"sceneLighting":true,"audioPlay":false,"sceneViewState":{"showFog":true,"showMaterialUpdate":false,"showSkybox":true,"showFlares":true,"showImageEffects":true,"showParticleSystems":true,"showVisualEffectGraphs":true},"in2DMode":false,"pivot":{"x":19.035507202148439,"y":2.8564910888671877,"z":10.074708938598633},"rotation":{"x":0.06404756009578705,"y":-0.8294401168823242,"z":0.546301007270813,"w":0.09899492561817169},"size":15.50299072265625,"orthographic":false}