{"cameraMode":{"drawMode":0,"name":"Shaded","section":"Shading Mode"},"sceneLighting":true,"audioPlay":false,"sceneViewState":{"showFog":true,"showMaterialUpdate":false,"showSkybox":true,"showFlares":true,"showImageEffects":true,"showParticleSystems":true,"showVisualEffectGraphs":true},"in2DMode":false,"pivot":{"x":-10.914422988891602,"y":12.396845817565918,"z":8.138127326965332},"rotation":{"x":-0.20660121738910676,"y":-0.7837231159210205,"z":0.33269456028938296,"w":-0.48249179124832156},"size":5.431632041931152,"orthographic":false}