{"cameraMode":{"drawMode":0,"name":"Shaded","section":"Shading Mode"},"sceneLighting":true,"audioPlay":false,"sceneViewState":{"showFog":true,"showMaterialUpdate":false,"showSkybox":true,"showFlares":true,"showImageEffects":true,"showParticleSystems":true,"showVisualEffectGraphs":true},"in2DMode":false,"pivot":{"x":-2.7871484756469728,"y":-8.34222412109375,"z":-2.4354729652404787},"rotation":{"x":0.2089620977640152,"y":-0.788119912147522,"z":0.3694051504135132,"w":0.44581422209739687},"size":10.321401596069336,"orthographic":false}