{"cameraMode":{"drawMode":0,"name":"Shaded","section":"Shading Mode"},"sceneLighting":true,"audioPlay":false,"sceneViewState":{"showFog":true,"showMaterialUpdate":false,"showSkybox":true,"showFlares":true,"showImageEffects":true,"showParticleSystems":true,"showVisualEffectGraphs":true},"in2DMode":false,"pivot":{"x":14.931797981262207,"y":1.563218593597412,"z":-5.880125045776367},"rotation":{"x":-0.057558391243219379,"y":0.757844865322113,"z":-0.06748028099536896,"w":-0.6463941931724548},"size":2.7318646907806398,"orthographic":false}