{"cameraMode":{"drawMode":0,"name":"Shaded","section":"Shading Mode"},"sceneLighting":true,"audioPlay":false,"sceneViewState":{"showFog":true,"showMaterialUpdate":false,"showSkybox":true,"showFlares":true,"showImageEffects":true,"showParticleSystems":true,"showVisualEffectGraphs":true},"in2DMode":false,"pivot":{"x":14.494295120239258,"y":4.689579010009766,"z":-4.519476890563965},"rotation":{"x":0.000806244439445436,"y":0.7339438796043396,"z":0.0008761202334426343,"w":-0.6792247891426086},"size":8.14054012298584,"orthographic":false}