{"cameraMode":{"drawMode":0,"name":"Shaded","section":"Shading Mode"},"sceneLighting":true,"audioPlay":false,"sceneViewState":{"showFog":true,"showMaterialUpdate":false,"showSkybox":true,"showFlares":true,"showImageEffects":true,"showParticleSystems":true,"showVisualEffectGraphs":true},"in2DMode":false,"pivot":{"x":-1.6537246704101563,"y":1.4417705535888672,"z":-25.624662399291993},"rotation":{"x":-0.1165928989648819,"y":0.6008320450782776,"z":-0.08916646242141724,"w":-0.7858104109764099},"size":17.937984466552736,"orthographic":false}