{"cameraMode":{"drawMode":0,"name":"Shaded","section":"Shading Mode"},"sceneLighting":true,"audioPlay":false,"sceneViewState":{"showFog":true,"showMaterialUpdate":false,"showSkybox":true,"showFlares":true,"showImageEffects":true,"showParticleSystems":true,"showVisualEffectGraphs":true},"in2DMode":false,"pivot":{"x":-16.036542892456056,"y":7.441704273223877,"z":7.05059814453125},"rotation":{"x":0.020829111337661744,"y":0.9780800342559815,"z":-0.17666667699813844,"w":0.1097579151391983},"size":17.65082550048828,"orthographic":false}