{"cameraMode":{"drawMode":0,"name":"Shaded","section":"Shading Mode"},"sceneLighting":true,"audioPlay":false,"sceneViewState":{"showFog":true,"showMaterialUpdate":false,"showSkybox":true,"showFlares":true,"showImageEffects":true,"showParticleSystems":true,"showVisualEffectGraphs":true},"in2DMode":false,"pivot":{"x":38.097164154052737,"y":-13.441255569458008,"z":5.96099853515625},"rotation":{"x":0.06103087589144707,"y":-0.9230263829231262,"z":0.16867201030254365,"w":0.34093067049980166},"size":24.277219772338868,"orthographic":false}