{"cameraMode":{"drawMode":0,"name":"Shaded","section":"Shading Mode"},"sceneLighting":true,"audioPlay":false,"sceneViewState":{"showFog":true,"showMaterialUpdate":false,"showSkybox":true,"showFlares":true,"showImageEffects":true,"showParticleSystems":true,"showVisualEffectGraphs":true},"in2DMode":false,"pivot":{"x":6.391378879547119,"y":-0.9022336006164551,"z":-2.876890182495117},"rotation":{"x":-0.035396941006183627,"y":0.9591663479804993,"z":-0.13938573002815247,"w":-0.24358491599559785},"size":4.804553031921387,"orthographic":false}