{"cameraMode":{"drawMode":0,"name":"Shaded","section":"Shading Mode"},"sceneLighting":true,"audioPlay":false,"sceneViewState":{"showFog":true,"showMaterialUpdate":false,"showSkybox":true,"showFlares":true,"showImageEffects":true,"showParticleSystems":true,"showVisualEffectGraphs":true},"in2DMode":false,"pivot":{"x":6.083569049835205,"y":-0.2525665760040283,"z":-0.14704132080078126},"rotation":{"x":0.01670205593109131,"y":0.9805554151535034,"z":-0.1702355146408081,"w":0.09620118141174317},"size":12.129606246948243,"orthographic":false}