{"cameraMode":{"drawMode":0,"name":"Shaded","section":"Shading Mode"},"sceneLighting":true,"audioPlay":false,"sceneViewState":{"showFog":true,"showMaterialUpdate":false,"showSkybox":true,"showFlares":true,"showImageEffects":true,"showParticleSystems":true,"showVisualEffectGraphs":true},"in2DMode":false,"pivot":{"x":24.92599868774414,"y":0.9297966957092285,"z":0.9559602737426758},"rotation":{"x":0.25384098291397097,"y":0.1615762561559677,"z":-0.04304976388812065,"w":0.9526875615119934},"size":11.933457374572754,"orthographic":false}