{"cameraMode":{"drawMode":0,"name":"Shaded","section":"Shading Mode"},"sceneLighting":true,"audioPlay":false,"sceneViewState":{"showFog":true,"showMaterialUpdate":false,"showSkybox":true,"showFlares":true,"showImageEffects":true,"showParticleSystems":true,"showVisualEffectGraphs":true},"in2DMode":false,"pivot":{"x":12.996055603027344,"y":1.7622321844100953,"z":-0.046524010598659518},"rotation":{"x":-0.1557167023420334,"y":0.6816386580467224,"z":-0.15193359553813935,"w":-0.6986134648323059},"size":2.1514079570770265,"orthographic":false}