{"cameraMode":{"drawMode":0,"name":"Shaded","section":"Shading Mode"},"sceneLighting":true,"audioPlay":false,"sceneViewState":{"showFog":true,"showMaterialUpdate":false,"showSkybox":true,"showFlares":true,"showImageEffects":true,"showParticleSystems":true,"showVisualEffectGraphs":true},"in2DMode":false,"pivot":{"x":-27.15545082092285,"y":3.204392433166504,"z":24.788339614868165},"rotation":{"x":0.12518547475337983,"y":0.8734708428382874,"z":-0.29464805126190188,"w":0.3673340976238251},"size":7.839962005615234,"orthographic":false}