{"cameraMode":{"drawMode":0,"name":"Shaded","section":"Shading Mode"},"sceneLighting":true,"audioPlay":false,"sceneViewState":{"showFog":true,"showMaterialUpdate":false,"showSkybox":true,"showFlares":true,"showImageEffects":true,"showParticleSystems":true,"showVisualEffectGraphs":true},"in2DMode":false,"pivot":{"x":21.271770477294923,"y":8.46145248413086,"z":-6.939302444458008},"rotation":{"x":0.029882198199629785,"y":-0.6331110596656799,"z":0.025548765435814859,"w":0.7732641100883484},"size":5.242043495178223,"orthographic":false}