{"cameraMode":{"drawMode":0,"name":"Shaded","section":"Shading Mode"},"sceneLighting":true,"audioPlay":false,"sceneViewState":{"showFog":true,"showMaterialUpdate":false,"showSkybox":true,"showFlares":true,"showImageEffects":true,"showParticleSystems":true,"showVisualEffectGraphs":true},"in2DMode":false,"pivot":{"x":-10.987150192260743,"y":17.31360626220703,"z":9.19505500793457},"rotation":{"x":-0.01478809304535389,"y":-0.9572438597679138,"z":0.28542181849479678,"w":-0.047408781945705417},"size":19.046689987182618,"orthographic":false}