{"cameraMode":{"drawMode":0,"name":"Shaded","section":"Shading Mode"},"sceneLighting":true,"audioPlay":false,"sceneViewState":{"showFog":true,"showMaterialUpdate":false,"showSkybox":true,"showFlares":true,"showImageEffects":true,"showParticleSystems":true,"showVisualEffectGraphs":true},"in2DMode":false,"pivot":{"x":16.33110809326172,"y":-0.027566909790039064,"z":16.435712814331056},"rotation":{"x":0.18837548792362214,"y":-0.5777240991592407,"z":0.13917264342308045,"w":0.7819510102272034},"size":6.721643447875977,"orthographic":false}