{"cameraMode":{"drawMode":0,"name":"Shaded","section":"Shading Mode"},"sceneLighting":true,"audioPlay":false,"sceneViewState":{"showFog":true,"showMaterialUpdate":false,"showSkybox":true,"showFlares":true,"showImageEffects":true,"showParticleSystems":true,"showVisualEffectGraphs":true},"in2DMode":false,"pivot":{"x":27.02557373046875,"y":22.36181640625,"z":-25.011070251464845},"rotation":{"x":-0.20124179124832154,"y":0.7027035355567932,"z":-0.21876579523086549,"w":-0.6464139223098755},"size":9.502676963806153,"orthographic":false}