{"cameraMode":{"drawMode":0,"name":"Shaded","section":"Shading Mode"},"sceneLighting":true,"audioPlay":false,"sceneViewState":{"showFog":true,"showMaterialUpdate":false,"showSkybox":true,"showFlares":true,"showImageEffects":true,"showParticleSystems":true,"showVisualEffectGraphs":true},"in2DMode":false,"pivot":{"x":-12.78895378112793,"y":1.211568832397461,"z":4.079748153686523},"rotation":{"x":0.21357573568820954,"y":0.596741259098053,"z":-0.16747748851776124,"w":0.7553581595420837},"size":1.4794247150421143,"orthographic":false}