{"cameraMode":{"drawMode":0,"name":"Shaded","section":"Shading Mode"},"sceneLighting":true,"audioPlay":false,"sceneViewState":{"showFog":true,"showMaterialUpdate":false,"showSkybox":true,"showFlares":true,"showImageEffects":true,"showParticleSystems":true,"showVisualEffectGraphs":true},"in2DMode":false,"pivot":{"x":37.1754264831543,"y":8.498486518859864,"z":-17.792030334472658},"rotation":{"x":0.009899248369038105,"y":0.9797380566596985,"z":-0.19382306933403016,"w":0.049996517598629},"size":69.32719421386719,"orthographic":false}