{"cameraMode":{"drawMode":0,"name":"Shaded","section":"Shading Mode"},"sceneLighting":true,"audioPlay":false,"sceneViewState":{"showFog":true,"showMaterialUpdate":false,"showSkybox":true,"showFlares":true,"showImageEffects":true,"showParticleSystems":true,"showVisualEffectGraphs":true},"in2DMode":false,"pivot":{"x":5.342853546142578,"y":-2.190037727355957,"z":-1.7954306602478028},"rotation":{"x":0.11859959363937378,"y":-0.8260164856910706,"z":0.19109602272510529,"w":0.5171374082565308},"size":18.867130279541017,"orthographic":false}